num.;Código;Categoria-expectativas;1.1 Você tem 18 anos completos ou mais?;1.4 Qual o seu Curso? ;1.5 Qual a cidade da sua residência?;1.6 Qual a sua Faixa Etária;1.7 Qual o seu gênero ?;1.8 Sobre a sua  Situação de trabalho:;1.9 Você já participou de cursos na modalidade EaD?;"1.10 Caso a resposta anterior seja sim,  qual(is) formato(s) de EaD você já participou?
(Marque todos os que se aplicam)";2.1 Com que frequência você estuda fora do horário das aulas?;2.2 Como você avalia seu próprio desempenho nos estudos?;2.3 Com que frequência você planeja seu tempo de estudos? ;3.1 Você sente dificuldade em identificar os conteúdos que mais precisa estudar?;3.2 Você já utilizou alguma ferramenta digital que mostrasse seu desempenho nos estudos em tempo real ou com acompanhamento visual? ;4.1 O quanto você acredita que uma ferramenta de visualização, que apresente seu desempenho e sugira materiais de estudo, pode contribuir para o seu aprendizado?;4.2 Nas suas expectativas em relação à ferramenta, você considera que poderá reorganizar seus estudos com base nas informações que verá na ferramenta?;4.3 Quais são suas expectativas em relação ao uso dessa ferramenta? (resposta aberta);;1.1 A ferramenta de visualização ajudou você a compreender melhor o conteúdo do curso?;1.2 A ferramenta facilitou a identificação dos conteúdos em que você teve mais dificuldade?;1.3 Em que medida a visualização, ao apresentar seu desempenho e sugerir materiais de estudo, contribuiu para sua motivação para aprender?;2.1. Qual o grau de facilidade que você encontrou na navegação da ferramenta?;2.2 O quanto você considerou a ferramenta intuitiva em sua interação?;2.3 Como você avaliaria a quantidade de interações (cliques, explorações) que realizou na ferramenta?;2.4 Você utilizou os filtros disponíveis para explorar diferentes informações?;2.5 Com que frequência você alternou entre os diferentes tipos de visualização?;2.6 Qual recurso da ferramenta você mais utilizou ou achou mais útil? (Resposta aberta);2.7 De forma geral, a ferramenta de visualização surpreende você de maneira positiva ou negativa? (Resposta aberta);3.1 Você acredita que poderá mudar sua forma de estudar após o uso da ferramenta? ;3.2 Você já alterou algo em seus hábitos de estudo após utilizar a ferramenta? ;3.3 A ferramenta contribuiu para uma melhor organização dos seus estudos?;3.4 Comparando sua experiência antes e depois do uso da ferramenta, como você avalia sua organização nos estudos?;3.5 Se melhorou ou piorou, descreva brevemente o motivo.;4.1 Como você avalia, de modo geral, a ferramenta de visualização?;4.2 Você indicaria o uso dessa ferramenta para outros estudantes?;4.3 Sugestões ou comentários sobre a ferramenta: (Resposta aberta)
1;ALU-01I;Curiosidade;Sim;Tecnologia em Sistemas para Internet;[anoniizado];1;2;1;1;Curso autoinstrucional (sem tutor/professor, com apenas vídeos e textos – MOOC);3;2;2;4;2;4;3;Estou com expectativas boas, pois estou com curiosidade sobre, quero conhecer mais.;;4;1;3;4;5;2;2;2;;Positiva;1;3;4;5;Eu não sou muito eficiente em estudar então qualquer modo de facilitar a focar meus estudos me ajuda.;5;1;Achei eficiente, qualquer ferramenta relacionada a estudos é algo positivo, já que o estudo é um dos pilares mais importantes pra nossa sociedade é muito bom ver uma iniciativa com intuito de facilitar esse processo de aprendizagem.
2;ALU-02I;Sem resposta;Sim;Tecnologia em Sistemas para Internet;[anoniizado];1;1;2;1;Curso com encontros síncronos ao vivo além do material escrito e gravado;3;3;4;3;1;4;1;;;3;3;4;4;4;3;1;3;;Positiva;1;2;5;4;;4;1;a ferramenta é muito boa e útil para organizar os estudos!
3;ALU-03M;Sem resposta;Sim;Licenciatura em Matemática;[anoniizado];2;1;3;1;Curso com encontros síncronos ao vivo além do material escrito e gravado;3;2;1;4;2;4;3;;;4;1;4;5;5;3;1;1;Assistir as aulas, o fluxograma ;Positiva ;1;2;2;3;;4;1;A ferramenta é boa, para as pessoas aprenderem.
4;ALU-04M;Personalização da aprendizagem;Sim;Licenciatura em Matemática;[anoniizado];2;2;1;1;Curso autoinstrucional (sem tutor/professor, com apenas vídeos e textos – MOOC), Curso com tutor/professor para tirar dúvidas eventualmente, Curso híbrido (com parte presencial e parte online);4;5;4;1;2;5;3;Espero conteúdos, materiais e dinâmicas personalidas com o meu perfil;;5;1;5;5;5;3;4;4;Gostei bastante da utilização de passo a passo guiado no Google Colab e dos vídeos ;De forma totalmente positiva, pois tornou o aprendizado mais significativo e intuitivo.;1;3;5;4;Eu sou uma pessoa eclética, porém existem momentos ou conteúdos que prefiro distinguir meu hábito de estudos. Porém, ao utilizar a ferramenta multifuncional do AVA eu acabei percebendo que o aprendizado torna-se maior ao misturar estas experiências com novas ferramentas que eu não costuma utilizar constantemente. ;5;1;Com certeza uma inovação no formato de apresentar um curso. Em um ambiente virtual, a ferramenta tornou-se muito produtiva e capaz de me fazer emergir no aprendizado e fomentar a minha curiosidade... 
5;ALU-05I;Sem resposta;Sim;Tecnologia em Sistemas para Internet;[anoniizado];1;1;1;1;Curso híbrido (com parte presencial e parte online);3;3;3;3;1;3;3;;;3;3;3;4;4;3;3;3;;positiva;1;3;3;3;;4;1;eu gostei 
6;ALU-06M;Curiosidade;Sim;Licenciatura em Matemática;[anoniizado];3;2;3;1;Curso autoinstrucional (sem tutor/professor, com apenas vídeos e textos – MOOC), Curso com tutor/professor para tirar dúvidas eventualmente, Curso com encontros síncronos ao vivo além do material escrito e gravado;3;3;2;2;2;3;1;Curioso;;4;1;4;4;4;3;3;2;;positiva;1;2;4;3;;5;1;Baseada em estudos, a ferramenta é capaz de propor um ensino direcionada as preferencias do estudante.
7;ALU-07I;Sem resposta;Sim;Tecnologia em Sistemas para Internet;[anoniizado];1;2;2;1;Curso autoinstrucional (sem tutor/professor, com apenas vídeos e textos – MOOC);4;2;3;4;2;3;1;;;3;1;3;3;4;3;3;3;;Positiva;1;3;3;4;;4;1;A ferramenta é útil para quem tem dificuldade em aprender, ela ajuda a adaptar algumas coisas para o seu estilo de estudo e de aprendizado
8;ALU-08M;Sem resposta;Sim;Licenciatura em Matemática;[anoniizado];2;2;3;1;Curso com encontros síncronos ao vivo além do material escrito e gravado, Curso híbrido (com parte presencial e parte online);4;3;4;5;1;4;1;;;5;1;3;4;4;4;4;3;;achei extremamente simples, bem intuitivo ;1;3;4;4;pelo fato da ferramenta ser simples e visual, me ajuda acompanhar de modo prático de como está o meu desenvolvimento durante o processo de aprendizagem;4;1;acredito  que tendo mais exercicios sobre o  assunto  seria  interessante para fixação do conteúdo
9;ALU-09I;Expectativas positivas gerais;Sim;Tecnologia em Sistemas para Internet;[anoniizado];1;2;1;2;;3;4;2;2;2;4;1;Muito boas.;;3;1;3;4;4;3;2;3;A de Visualização ;Positiva ;1;3;3;4;Melhorou ;4;1;Muito boa 
10;ALU-10M;Sem resposta;Sim;Licenciatura em Matemática;[anoniizado];2;2;3;1;Curso autoinstrucional (sem tutor/professor, com apenas vídeos e textos – MOOC);3;3;2;1;2;3;3;;;4;1;4;4;3;3;1;1;;Positiva;1;2;3;3;;4;1;.
11;ALU-11I;Organização dos estudos;Sim;Tecnologia em Sistemas para Internet;[anoniizado];3;2;3;1;Curso com tutor/professor para tirar dúvidas eventualmente;3;3;2;3;2;3;1;organizar minhs horas de estudos e melhorar meu aprendizado, pois hoje estou bem relaxado com isso e quero melhorar ;;4;1;4;3;3;3;3;2;;Positiva ;1;3;4;4;Melhorou, porque mudou a maneira de pensar antes de agir ;4;1;Achei muito boa a maneira de se pensar, avaliar passo a passo cada coisa a se fazer 
12;ALU-12I;Sem resposta;Sim;Tecnologia em Sistemas para Internet;[anoniizado];2;2;1;1;Curso com tutor/professor para tirar dúvidas eventualmente, Curso com encontros síncronos ao vivo além do material escrito e gravado, Curso híbrido (com parte presencial e parte online);3;3;2;3;2;3;3;;;3;1;3;3;4;2;1;1;;Sim, positivamente;2;3;2;4;;3;1;Sem comentários
13;ALU-13M;Melhora de desempenho;Sim;Licenciatura em Matemática;[anoniizado];1;1;1;1;Curso autoinstrucional (sem tutor/professor, com apenas vídeos e textos – MOOC);4;4;1;2;2;4;3;De melhorar o desempenho;;5;1;4;4;3;4;1;2;;Positiva;1;2;3;3;;4;1;De primeira não entendi bem como funcionava a ferramenta de visualização, fiquei um pouco confusa. Mas depois de entender, achei bem eficiente para ajudar no desempenho e estudar o que é necessário.
14;ALU-14M;Expectativa baixa;Sim;Licenciatura em Matemática;[anoniizado];1;1;2;1;Curso autoinstrucional (sem tutor/professor, com apenas vídeos e textos – MOOC);4;3;5;1;2;2;3;Baixa;;4;1;4;4;3;2;1;1;O quiz ;Positiva ;1;3;3;4;Nova ferramenta envolvendo nova metodologia, organizada e que posso fazer aos poucos;5;1;Apresentar a ferramenta no inicio da disciplina para que acompanhe o conteúdo e se houver alguma duvida ja sane com os vídeos 
15;ALU-15I;Sem resposta;Sim;Tecnologia em Sistemas para Internet;[anoniizado];1;1;2;1;Curso autoinstrucional (sem tutor/professor, com apenas vídeos e textos – MOOC), Curso com tutor/professor para tirar dúvidas eventualmente, Curso híbrido (com parte presencial e parte online);4;4;3;4;2;5;1;;;5;1;5;5;5;3;4;4;;Positiva ;1;3;3;4;;5;1;Achei a ferramenta muito interessante. Gostei de conhecer uma nova forma de auxílio nos estudos 
16;ALU-16I;Melhora de desempenho;Sim;Tecnologia em Sistemas para Internet;[anoniizado];1;1;3;1;Curso híbrido (com parte presencial e parte online);4;4;5;4;2;5;1;Imagino que será muito importante para meus estudos ;;4;1;4;4;4;3;2;2;;Positiva;1;3;5;5;;4;1;Para mim está perfeito 
17;ALU-17M;Expectativas positivas gerais;Sim;Licenciatura em Matemática;[anoniizado];4;2;3;1;Curso com encontros síncronos ao vivo além do material escrito e gravado;4;4;1;2;2;3;1;São boas!;;4;1;4;3;4;2;1;1;Visualização dos resultados de desempenho separados por conteudos.;Positiva.;1;3;3;3;;4;1;A plataforma por focar em um modelo que se baseia na aprendizagem do aluno é um facilitador no ensino aprendizagem, vale o desenvolvimento para utilização com recorrencia.
18;ALU-18M;Sem resposta;Sim;Licenciatura em Matemática;[anoniizado];2;2;2;2;;3;4;3;3;1;4;1;;;5;1;5;3;5;4;5;5;;positiva;1;1;5;5;melhorou;5;1;Excelente
19;ALU-19M;Melhora de desempenho;Sim;Licenciatura em Matemática;[anoniizado];2;2;1;1;Curso autoinstrucional (sem tutor/professor, com apenas vídeos e textos – MOOC);3;4;3;3;1;4;3;Ajudará pois os alunos entenderam o seu desempenho ;;4;1;4;5;4;3;4;4;Achei mais útil os vídeos ;Positiva ;1;3;4;4;Melhorou, já que a ferramenta está bem detalhada ;5;1;A ferramenta está muito boa, os materiais presentes na ferramenta esclarece as dúvidas de forma rápida 
20;ALU-20M;Expectativas positivas gerais;Sim;Licenciatura em Matemática;[anoniizado];3;1;3;2;;2;3;2;2;2;5;1;Altas expectativas ;;5;1;4;5;5;3;3;2;;Positiva ;1;1;4;4;;5;1;Amei essa ferramenta, queria desde o começo utilizar ela para estudar, a parte dos quiz foi a melhor para mim para poder fixar o que foi estudado 
21;ALU-21I;Personalização da aprendizagem;Sim;Tecnologia em Sistemas para Internet;[anoniizado];1;1;1;1;Curso autoinstrucional (sem tutor/professor, com apenas vídeos e textos – MOOC), Curso com encontros síncronos ao vivo além do material escrito e gravado;5;5;4;2;2;5;1;Espero conseguir adaptarmeu tempo de estudos com minha forma de aprendizado ;;4;1;4;4;3;3;1;4;O material escrito como complemento da vídeo aula ;Positiva, acho importante possuir mais maneiras de visualizar o conteúdo.;2;2;3;3;Não mudou pois eu já sabia minha forma de aprendizado e sempre alternei meus estudos para me adaptar aos meus estilos de aprendizagem, a ferramente foi boa para mim pois seguiu isso muito bem. Mas como eu já sabia e já me organizava, não mudou .;4;1;A proposta da ferramenta é muito boa e importante, pois respeita a maneira de aprender de cada indivíduo, isso pode auxiliar muito no desenvolvimento de quem fizer o curso, tendo em vista que a ferramenta é adaptada as necessidades individuais de cada um. Embora seja super útil e importante, não há muitas propostas semelhantes de cursos que sejam moldados para o aprendizado individual , por isso acredito que a ferramenta possa servir como porta para inúmeras oportunidades dentro do contexto educacional. 
22;ALU-22I;Organização dos estudos;Sim;Tecnologia em Sistemas para Internet;[anoniizado];1;1;2;1;Curso híbrido (com parte presencial e parte online);3;3;3;3;2;4;1;Acho que será extremamente ultil para me organizar ja que tenho uma certa dificuldade de me organizar nos estudos então ajudaria é muita essa ferramenta para meu uso pessoal;;5;1;5;5;5;3;5;4;;Positiva;1;1;5;5;Melhorou pois assim consegui me organizar em meus estudos ;5;1;Eu adorei a ferramenta de estudo e super aconselharia e recomendaria a usarem!
23;ALU-23I;Melhora de desempenho;Sim;Tecnologia em Sistemas para Internet;[anoniizado];1;1;3;1;Curso autoinstrucional (sem tutor/professor, com apenas vídeos e textos – MOOC), Curso com tutor/professor para tirar dúvidas eventualmente, Curso híbrido (com parte presencial e parte online);2;3;3;3;2;3;3;Acho que ira ajudar alguns aluno que tem dificuldades nesta area;;3;1;4;3;3;3;3;2;;Positiva;1;2;3;3;;4;1;A ferramenta de visualização foi útil, mas seria bom ter mais opções de personalização, como tipos de gráficos e cores, e a capacidade de exportar os dados. No geral, estou satisfeito e pretendo continuar utilizando-a.
24;ALU-24I;Sem resposta;Sim;Tecnologia em Sistemas para Internet;[anoniizado];1;2;2;2;;4;4;3;2;1;4;1;;;4;3;2;4;4;3;2;3;;Positiva ;1;2;2;4;;4;1;Ferramenta apresenta ser muito promissora, além de ser muito intuitiva 
25;ALU-25I;Sem resposta;Sim;Tecnologia em Sistemas para Internet;[anoniizado];1;1;1;1;Curso autoinstrucional (sem tutor/professor, com apenas vídeos e textos – MOOC), Curso com tutor/professor para tirar dúvidas eventualmente;3;4;3;4;2;4;1;;;4;1;4;3;4;3;3;3;;Me surpreendeu de maneira positiva, gostei bastante da ferramenta, me ajudou a organizar melhor minha forma de estudo e me fez perceber alguns pontos em que eu tenho dificuldade.;1;1;5;5;;4;1;A ferramenta foi muito útil, me ajudou a melhorar em.alguns pontos e me ajudou muito na minha organização.
